Item name,Category
Laptop,E-commerce
Used laptop,E-commerce
Desktop PC,E-commerce
Mini PC,E-commerce
Graphics Tablet,E-commerce
Signature Pad,E-commerce
Stylus Pen,E-commerce
Tablet,E-commerce
Server,E-commerce
Server rack,E-commerce
Computer Repair,Classified
Processor,E-commerce
Motherboard,E-commerce
RAM,E-commerce
Hard Disk,E-commerce
SSD,E-commerce
Graphics Card,E-commerce
Mouse,E-commerce
Keyboard,E-commerce
DVD Writer,E-commerce
Computer Casing,E-commerce
CPU Cooler,E-commerce
Internet Modem,E-commerce
Webcam,E-commerce
TV Card,E-commerce
Pendrive,E-commerce
PC Cable,E-commerce
Power Supply,E-commerce
USB Hub,E-commerce
Card Reader,E-commerce
Blank Disk,E-commerce
Sound Card,E-commerce
Thermal Paste,E-commerce
Mouse Pad,E-commerce
Laptop Battery,E-commerce
Laptop Charger,E-commerce
Laptop Bag,E-commerce
Laptop Cooler,E-commerce
Laptop Display,E-commerce
Laptop Keyboard,E-commerce
Laptop Table,E-commerce
Router,E-commerce
Wireless Access Point,E-commerce
Radio Link,E-commerce
WiFi Repeater,E-commerce
Network Switch,E-commerce
WiFi Adapter,E-commerce
Network Storage,E-commerce
Patch Panel,E-commerce
Network Cable,E-commerce
Crimping Tool,E-commerce
HDMI Extender,E-commerce
Cable Tester,E-commerce
RJ45 Connector,E-commerce
Splicer Machine,Classified
Wireless Antenna,E-commerce
Media Converter,E-commerce
KVM Switch,E-commerce
Face Plate,E-commerce
Networking Accessories,E-commerce
Network Support,E-commerce
Projector,E-commerce
Digital Whiteboard,E-commerce
Projector Screen,E-commerce
Projector Mount,E-commerce
Projector Lamp,E-commerce
Wireless Presenter,E-commerce
Projector Repair,Classified
Projector Rental,Classified
Photocopier,Classified
Printer,E-commerce
Scanner,E-commerce
Banner Printer,E-commerce
POS Printer,E-commerce
POS Machine,E-commerce
Barcode Printer,E-commerce
Barcode Scanner,E-commerce
ID Card Printer,E-commerce
Digital Duplicator,E-commerce
Cartridge,E-commerce
Thermal Paper Roll,E-commerce
PVC Card,E-commerce
Printer Paper,E-commerce
Printer Parts,E-commerce
Copier Repair,Classified
Printer Repair,Classified
Copier Parts,E-commerce
Printing Accessories,E-commerce
Paper Shredder,E-commerce
Money Counting Machine,E-commerce
Cash Register,E-commerce
Cash Drawer,E-commerce
Fake Note Detector,E-commerce
Laminating Machine,Classified
Spiral Binding Machine,E-commerce
Paper Cutting Machine,E-commerce
Antivirus,E-commerce
App Development,Classified
Business Software,E-commerce
POS Software,E-commerce
Inventory Software,E-commerce
Accounting Software,E-commerce
e-Commerce Website,E-commerce
Microsoft Office,E-commerce
Educational Software,E-commerce
Microsoft Windows,E-commerce
Web Hosting,E-commerce
Domain Name,E-commerce
Digital Display,E-commerce
Digital Marketing Service,Classified
LED Sign Board,E-commerce
Air Conditioner,Classified
AC Ton Calculator,E-commerce
AC Bill Calculator,E-commerce
AC Accessories,E-commerce
Air Curtain,E-commerce
Air Cooler,E-commerce
Room Heater,E-commerce
Fan,E-commerce
Air Purifier,E-commerce
Humidifier,E-commerce
Dehumidifier,E-commerce
Water Heater & Geyser,Classified
Television,E-commerce
TV Size Calculator,E-commerce
Android TV Box,E-commerce
Air Mouse,E-commerce
Wireless Display Adapter,E-commerce
3D Glass,E-commerce
Satellite Dish,Classified
TV Accessories,E-commerce
TV Remote,E-commerce
TV Bracket,E-commerce
Game Console,E-commerce
Game Controller,E-commerce
Game Accessories,E-commerce
TV Repair Service,Classified
Water Filter,E-commerce
Filter Accessories,E-commerce
Electric Chula,E-commerce
Dishwasher,Classified
Refrigerator,Classified
Washing Machine,Classified
Microwave Oven,Classified
Blender,E-commerce
Air Diffuser,E-commerce
Coffee Machine,E-commerce
Toaster,E-commerce
Iron,E-commerce
Food Maker,E-commerce
Electric Kettle,E-commerce
Vacuum Cleaner,E-commerce
Rice Cooker,E-commerce
Thermos Container,E-commerce
Sewing Machine,E-commerce
Dispenser,E-commerce
Gas Stove,E-commerce
Kitchen Hood,E-commerce
Roti Maker,E-commerce
Barbeque Grill,E-commerce
Bathroom Supplies,E-commerce
Kitchen Storage,E-commerce
Digital Camera,E-commerce
DSLR,E-commerce
Action Camera,E-commerce
Mirrorless Camera,E-commerce
Instant Camera,E-commerce
Video Camera,E-commerce
Digital Photo Frame,E-commerce
Binocular,E-commerce
Telescope,E-commerce
Camera Lens,E-commerce
Camera Flash,E-commerce
Studio Light,E-commerce
Camera Battery,E-commerce
Camera Charger,E-commerce
Memory Card,E-commerce
Camera Tripod,E-commerce
Lens Cleaning Kit,E-commerce
Camera Bag,E-commerce
Lens Hood,E-commerce
Power Bank,E-commerce
Mobile Battery,E-commerce
Data Cable,E-commerce
Mobile Phone Charger,E-commerce
Wireless Charger,E-commerce
Car Charger,E-commerce
Selfie Stick,E-commerce
Mobile Phone Cover,E-commerce
Mobile Phone Camera Lens,E-commerce
Mobile Signal Booster,E-commerce
Mobile Holder,E-commerce
Screen Protector,E-commerce
VR Box,E-commerce
Other Accessories,E-commerce
Telephone Set,E-commerce
IP Phone,E-commerce
PABX System,Classified
Fax Machine,E-commerce
Telephone Accessories,E-commerce
Walkie Talkie,E-commerce
Speaker,E-commerce
Headphon,E-commerce
AV Receiver,E-commerce
Amplifier,E-commerce
PA System,E-commerce
Audio Interface,E-commerce
Conference System,E-commerce
Microphone,E-commerce
Speaker Remote,E-commerce
Voice Recorder,E-commerce
Ebook Reader,E-commerce
Digital Dictionary,E-commerce
HDMI Splitter,E-commerce
MP3 Player,E-commerce
iPod Player,E-commerce
Calculator,E-commerce
Radio,E-commerce
Biometric Attendance,E-commerce
Fingerprint Scanner,E-commerce
RFID Attendance,E-commerce
Door Lock,E-commerce
Metal Detector,E-commerce
Archway Gate,Classified
Security Alarm,Classified
Baggage Scanner,E-commerce
Car Search Mirror,Classified
Mobile Phone Jammer,E-commerce
RFID Card,E-commerce
Barrier Gate,Classified
Locker,E-commerce
Guard Tour System,E-commerce
Baton,E-commerce
Door Exit Button,E-commerce
Self Defence,E-commerce
CCTV Camera,E-commerce
CCTV Full Set,E-commerce
NVR,E-commerce
DVR,E-commerce
CCTV Accessories,E-commerce
Spy Camera,E-commerce
Door Camera,E-commerce
CCTV Camera Repair,Classified
Fire Extinguisher,E-commerce
Fire Alarm,E-commerce
Fire Bucket,E-commerce
Fire Ladder,Classified
Fire Axe,E-commerce
Hand Mike,E-commerce
Fire Accessories,E-commerce
Ear Plug,E-commerce
Safety Shoes,E-commerce
Safety Helmet,E-commerce
Eye Wash Station,Classified
Spill Kit,E-commerce
Pantone Book,E-commerce
Color Matching Cabinet,E-commerce
Iron Table,E-commerce
Testing Instrument,E-commerce
GSM Cutter,E-commerce
Button Pull Tester,E-commerce
Textile Accessories,E-commerce
Hand Pallet,E-commerce
Needle Detector,E-commerce
Textile Machinery,Classified
Safety Belt,E-commerce
Crockmeter,E-commerce
Magnifying Glass,E-commerce
Detergent,E-commerce
Shipping Container,Classified
Security Seal,E-commerce
Weight Machine,E-commerce
Distance Meter,E-commerce
Gas Leak Detector,E-commerce
pH Meter,E-commerce
DO Meter,E-commerce
TDS Meter,E-commerce
Moisture Meter,E-commerce
Flow Meter,E-commerce
Multimeter,E-commerce
Lux Meter,E-commerce
Sound Level Meter,E-commerce
Tachometer,E-commerce
Insulation Tester,E-commerce
Anemometer,E-commerce
Hygrometer,E-commerce
Thickness Gauge,E-commerce
Refractometer,E-commerce
Caliper,E-commerce
Other Meters,E-commerce
GPS Tracker,E-commerce
GPS Navigation,E-commerce
Chartplotter,E-commerce
Fishfinder,E-commerce
Compass,E-commerce
Marine Radar,E-commerce
IPS,E-commerce
UPS,E-commerce
Solar IPS,E-commerce
Battery,E-commerce
Solar Panel,Classified
Light,E-commerce
Generator,Classified
Voltage Stabilizer,E-commerce
Transformer,E-commerce
Electrical Switch,E-commerce
Module Board,E-commerce
Surge Protector,E-commerce
Calling Bell,E-commerce
Multi Plug,E-commerce
Electric Cable,E-commerce
Lightning Arrester,E-commerce
Turbine,Classified
Life Jacket,E-commerce
Fishing Rod,E-commerce
Water Pump,Classified
Water Tank,Classified
Grass Cutting Machine,Classified
Power Tiller,Classified
Milking Machine,Classified
Rice Harvester,Classified
Rice Transplanter,E-commerce
Chainsaw,E-commerce
Agricultural Machinery,Classified
Pesticide,E-commerce
Gardening Tools,E-commerce
Incubator,E-commerce
Incubator Temperature Controller,E-commerce
Incubator Accessories,E-commerce
Animal,Classified
Pet Accessories,E-commerce
Cow,Classified
Heat Press Machine,E-commerce
Blower Machine,Classified
Cutting Plotter,E-commerce
Lift,Classified
Air Compressor,Classified
Boat Engine,Classified
Sealing Machine,E-commerce
Exhaust Fan,E-commerce
Chain Hoist,Classified
Silicone Rubber,E-commerce
Numbering Machine,E-commerce
Electric Motor,Classified
Ice Cream Machine,E-commerce
Tool Box,E-commerce
Total Station,Classified
Auto Level,Classified
Construction Pipe,Classified
Surveying Accessories,E-commerce
Air Ticket,Classified
Bus Ticket,Classified
Tour Package,Classified
Umrah Package,Classified
Hajj Package,Classified
Hotel Booking,Classified
Visa Processing,Classified
Doctor Appointment,Classified
Train Ticket,Classified
Saint Martin Ship Ticket,Classified
Jobs,Classified
Hearing Aid,E-commerce
Nebulizer Machine,E-commerce
Pulse Oximeter,E-commerce
Oxygen Concentrator,E-commerce
Oxygen Cylinder,E-commerce
Face Mask,E-commerce
PPE,E-commerce
Hearing Aid Battery,E-commerce
Thermometer,E-commerce
Hand Gloves,E-commerce
Safety Goggles,E-commerce
Blood Pressure Machine,E-commerce
Stethoscope,E-commerce
Diabetes Machine,E-commerce
Massager Machine,E-commerce
Therapy Machine,E-commerce
Hospital Bed,Classified
Cervical Collar,E-commerce
Suction Machine,E-commerce
Wheelchair,Classified
Walking Stick,E-commerce
ECG Machine,Classified
Patient Monitor,E-commerce
Commode Chair,E-commerce
Ultrasonography Machine,Classified
Alcohol Pad,E-commerce
X-Ray Machine,Classified
Surgical Light,E-commerce
Disinfection Chamber,E-commerce
Spray Machine,E-commerce
Dental Treatment,Classified
Microscope,E-commerce
Sanitizer,E-commerce
Biochemistry Analyzer,E-commerce
CPAP Machine,Classified
Anesthesia Machine,Classified
Hot Water Bag,E-commerce
First Aid,E-commerce
Stretcher,E-commerce
Labratory Equipment,E-commerce
Medical Equipment,Classified
Dental Instrument,E-commerce
Condom,E-commerce
Ice Box,E-commerce
Fruits,E-commerce
Sweet,E-commerce
Mango,E-commerce
Khejur,E-commerce
Nuts,E-commerce
Herbs,E-commerce
Honey,E-commerce
Masala,E-commerce
Cooking Oil,E-commerce
Beverage,E-commerce
Gur,E-commerce
Ghee,E-commerce
Cheese,E-commerce
Fish,E-commerce
Biscuit,E-commerce
Chocolate,E-commerce
Gym Equipment,E-commerce
Herbal Medicine,E-commerce
Anti Snoring Aid,E-commerce
Electronic Cigarette,E-commerce
Trimmer,E-commerce
Hair Treatment,E-commerce
Hair Straightener,E-commerce
Hair Dryer,E-commerce
Hair Shampoo,E-commerce
Soap,E-commerce
Essential,E-commerce
Oil,E-commerce
Makeup Box,E-commerce
Mole Removal,Classified
Aloe Vera Gel,E-commerce
Skin Care Kit,E-commerce
Face Wash,E-commerce
Lipstick,E-commerce
Peel Off Mask,E-commerce
Smart Watch,E-commerce
Hand Watch,E-commerce
Wall Clock,E-commerce
Stopwatch,E-commerce
Umbrella,E-commerce
Raincoat,E-commerce
Jewelry,E-commerce
Clothing,E-commerce
Sunglass,E-commerce
Wallet,E-commerce
Card Holder,E-commerce
Bag,E-commerce
Gift Set,E-commerce
Perfume,E-commerce
Cap,E-commerce
Towel,E-commerce
Belt,E-commerce
Lighter,E-commerce
Nail Cutter,E-commerce
Sports,E-commerce
Drone,E-commerce
Baby Feeder,E-commerce
Shoes,E-commerce
Dolna,E-commerce
Diaper,E-commerce
Toy,E-commerce
Swimming Pool,Classified
Baby Food,E-commerce
Tent,E-commerce
Hanger,E-commerce
Toothbrush,E-commerce
Baby Car,Classified
Baby Stroller,E-commerce
Baby Walker,E-commerce
Invitation Card,E-commerce
Bed,E-commerce
Bedside Table,E-commerce
Air Bed,E-commerce
Dining Table,Classified
Dining Chair,E-commerce
Sofa Set,Classified
Center Table,E-commerce
Divan,E-commerce
Dressing Table,E-commerce
Showcase,Unknown
Shelf,E-commerce
Wardrobe,E-commerce
Almirah,E-commerce
Trolley,E-commerce
Stool,E-commerce
Furniture Set,Classified
Kitchen Furniture,Classified
Shoe Rack,E-commerce
Office Table,E-commerce
Chair,E-commerce
Display Rack,E-commerce
Bed Sheet,E-commerce
Mosquito Net,E-commerce
Mattress,Classified
Pillow,E-commerce
Cushion,E-commerce
Sofa Foam,E-commerce
Blanket,E-commerce
Curtain,E-commerce
Floor Mat,E-commerce
Interior Design,Unknown
Showpiece,E-commerce
Mirror,E-commerce
Door,Classified
Tiles,E-commerce
Decor Accessories,E-commerce
Organizer,E-commerce
Furniture Accessories,E-commerce
Mop,E-commerce
Hose Pipe,E-commerce
Floor Cleaner,E-commerce
Glass Cleaner,E-commerce
Air Freshener,E-commerce
Basket,E-commerce
Mosquito Killer,E-commerce
Pest Control Service,Classified
Crockeries,E-commerce
Vegetable Cutter,E-commerce
Fry Pan,E-commerce
Korai,Unknown
Pressure Cooker,E-commerce
Cup & Mug,E-commerce
Water Bottle,E-commerce
Kitchen Knife,E-commerce
Paper NoteBook,E-commerce
Wrapping Paper,E-commerce
Stapler,E-commerce
Scotch Tape,E-commerce
Pen,E-commerce
Measuring Tape,E-commerce
Car,Classified
Bike,Classified
Car Scratch Remover,E-commerce
Engine Oil,E-commerce
Car Scanner,E-commerce
Motorcycle Helmet,E-commerce
Motorcycle Tyre,E-commerce
CNG,E-commerce
Auto Rickshaw,Classified
Boat,Classified
Truck,Classified
Tractor,Classified
Bus,Classified
Commode,E-commerce
Basin,E-commerce
Water Tap,E-commerce
Cement,E-commerce
Sand,E-commerce
Stone,Classified
Brick,Classified
Rod,E-commerce
Construction Equipment,Classified
Janamaz,E-commerce
Tasbeeh,E-commerce
Al-Quran,E-commerce
Islamic Book,E-commerce
Education Book,E-commerce
Legal Service,Classified
Party Center Rental,Classified
House Shifting Service,Classified
